name,shape,visits,raw_pair_bytes,family_anchor_bytes,family_target_bytes,b3_resident_bytes,b4_resident_bytes,b3_transform,b4_transform,maximum_decoded_matrix_bytes,paired_decoded_scratch_lower_bound_bytes,raw_custom_ns,fused_ns,staged_native_ns,B3_ns,B4_ns,native_ns
model.layers.0.self_attn.q_proj.weight,"[1536, 1536]",1,9437184,4718592,2196192,6718809,5131632,"('field', 'field')",ordered_delta,4718592,9437184,1148388,986527,1187403,13673333,38070597,550500
model.layers.0.self_attn.k_proj.weight,"[256, 1536]",1,1572864,786432,334228,1119463,835464,"('field', 'field')",ordered_delta,786432,1572864,662486,715041,485055,2793166,6637514,522458
model.layers.0.self_attn.v_proj.weight,"[256, 1536]",1,1572864,786432,434988,1120358,891207,"('field', 'field')",ordered_delta,786432,1572864,436236,444555,375041,2836333,6840055,328333
model.layers.0.self_attn.o_proj.weight,"[1536, 1536]",1,9437184,4718592,2533180,6730543,5350320,"('field', 'field')",ordered_delta,4718592,9437184,775097,788041,1098653,13534916,37349653,506708
model.layers.0.mlp.gate_proj.weight,"[8960, 1536]",1,55050240,27525120,13294500,39150628,30500855,"('field', 'field')",ordered_delta,27525120,55050240,1377055,2106541,3238069,76102375,215845236,1070708
model.layers.0.mlp.up_proj.weight,"[8960, 1536]",1,55050240,27525120,13995128,39125403,30894178,"('field', 'field')",ordered_delta,27525120,55050240,1091750,1164194,2544764,76555666,216552444,978972
model.layers.0.mlp.down_proj.weight,"[1536, 8960]",1,55050240,27525120,13814096,39058021,30763115,"('field', 'field')",ordered_delta,27525120,55050240,1881791,1839305,3305666,76396277,219892680,1173264
model.layers.14.self_attn.q_proj.weight,"[1536, 1536]",1,9437184,4718592,2542652,6727953,5367643,"('field', 'field')",ordered_delta,4718592,9437184,871472,706569,1181264,13816986,37358444,737166
model.layers.14.self_attn.k_proj.weight,"[256, 1536]",1,1572864,786432,420724,1121317,900413,"('field', 'field')",ordered_delta,786432,1572864,656347,707319,631805,2748055,6754777,605402
model.layers.14.self_attn.v_proj.weight,"[256, 1536]",1,1572864,786432,428084,1123017,892505,"('field', 'field')",ordered_delta,786432,1572864,667277,699319,693014,2708847,6653930,303389
model.layers.14.self_attn.o_proj.weight,"[1536, 1536]",1,9437184,4718592,2551760,6742559,5402216,"('field', 'field')",ordered_delta,4718592,9437184,798041,883791,1106930,13721986,37560791,633264
model.layers.14.mlp.gate_proj.weight,"[8960, 1536]",1,55050240,27525120,14687892,39146288,31134696,"('field', 'field')",ordered_delta,27525120,55050240,1660430,1985972,2970986,76022402,215043500,996972
model.layers.14.mlp.up_proj.weight,"[8960, 1536]",1,55050240,27525120,14392740,39138489,31036604,"('field', 'field')",ordered_delta,27525120,55050240,1297125,1258055,2880430,76793375,216131847,1006375
model.layers.14.mlp.down_proj.weight,"[1536, 8960]",1,55050240,27525120,14633192,39168610,31169252,"('field', 'field')",ordered_delta,27525120,55050240,1615222,2374819,3221736,77150639,213230625,1038166
model.layers.27.self_attn.q_proj.weight,"[1536, 1536]",1,9437184,4718592,2671584,6754575,5468820,"('field', 'field')",ordered_delta,4718592,9437184,782597,846638,1115125,13651236,36641513,523958
model.layers.27.self_attn.k_proj.weight,"[256, 1536]",1,1572864,786432,465360,1123588,926615,"('field', 'field')",ordered_delta,786432,1572864,742847,746597,389208,2775291,6710569,568153
model.layers.27.self_attn.v_proj.weight,"[256, 1536]",1,1572864,786432,377496,1125536,873509,"('field', 'field')",ordered_delta,786432,1572864,366027,291208,455236,2648778,6823791,289889
model.layers.27.self_attn.o_proj.weight,"[1536, 1536]",1,9437184,4718592,2489380,6742197,5363095,"('field', 'field')",ordered_delta,4718592,9437184,796402,874847,1028597,13554611,37544055,644139
model.layers.27.mlp.gate_proj.weight,"[8960, 1536]",1,55050240,27525120,14440944,39102307,30995463,"('field', 'field')",ordered_delta,27525120,55050240,1648125,1922180,2145819,77749180,216479805,978013
model.layers.27.mlp.up_proj.weight,"[8960, 1536]",1,55050240,27525120,14141320,39103531,30950825,"('field', 'field')",ordered_delta,27525120,55050240,1220458,1625430,3492111,77251236,217039319,1015972
model.layers.27.mlp.down_proj.weight,"[1536, 8960]",1,55050240,27525120,14730820,39177085,31153619,"('field', 'field')",ordered_delta,27525120,55050240,1745402,2316764,2635569,78030403,216596625,1071652
